contract,openMarginRate,closeMarginRate,margin,isMainContract
ad2606,0.1,0.1,22835.0,0
ad2607,0.1,0.1,23000.0,1
ad2608,0.1,0.1,23110.0,0
ad2609,0.1,0.1,23305.0,0
ad2610,0.1,0.1,23295.0,0
ad2611,0.1,0.1,23565.0,0
ad2612,0.1,0.1,23420.0,0
ad2701,0.1,0.1,23735.0,0
ad2702,0.1,0.1,23730.0,0
ad2703,0.07,0.07,16555.0,0
ag2606,0.22,0.22,60307.5,0
ag2607,0.22,0.22,60353.7,0
ag2608,0.22,0.22,60436.2,1
ag2609,0.22,0.22,60436.2,0
ag2610,0.22,0.22,60469.2,0
ag2611,0.22,0.22,60485.7,0
ag2612,0.22,0.22,60555.0,0
ag2701,0.22,0.22,60538.5,0
ag2702,0.22,0.22,60660.6,0
ag2703,0.22,0.22,60680.4,0
al2606,0.12,0.12,14583.0,0
al2607,0.12,0.12,14616.0,1
al2608,0.12,0.12,14652.0,0
al2609,0.12,0.12,14670.0,0
al2610,0.12,0.12,14679.0,0
al2611,0.12,0.12,14682.0,0
al2612,0.12,0.12,14688.0,0
al2701,0.12,0.12,14700.0,0
al2702,0.12,0.12,14712.0,0
al2703,0.09,0.09,11043.0,0
ao2606,0.12,0.12,6127.2,0
ao2607,0.12,0.12,6266.4,0
ao2608,0.12,0.12,6384.0,0
ao2609,0.12,0.12,6501.6,1
ao2610,0.12,0.12,6607.2,0
ao2611,0.12,0.12,6672.0,0
ao2612,0.12,0.12,6724.8,0
ao2701,0.12,0.12,6789.6,0
ao2702,0.12,0.12,6847.2,0
ao2703,0.09,0.09,5184.0,0
au2606,0.19,0.19,188620.6,1
au2608,0.19,0.19,189122.2,0
au2610,0.19,0.19,189536.4,0
au2612,0.19,0.19,189897.4,0
au2702,0.19,0.19,190437.0,0
au2704,0.19,0.19,190828.4,0
br2606,0.14,0.14,10482.5,1
br2607,0.14,0.14,10612.0,0
br2608,0.14,0.14,10570.0,0
br2609,0.14,0.14,10500.0,0
br2610,0.14,0.14,10465.0,0
br2611,0.14,0.14,10500.0,0
br2612,0.14,0.14,10496.5,0
br2701,0.14,0.14,10311.0,0
br2702,0.14,0.14,10423.0,0
br2703,0.14,0.14,10384.5,0
bu2606,0.14,0.14,6330.8,1
bu2607,0.14,0.14,6274.8,0
bu2608,0.14,0.14,6216.0,0
bu2609,0.14,0.14,6133.4,0
bu2610,0.14,0.14,5966.8,0
bu2611,0.14,0.14,5782.0,0
bu2612,0.14,0.14,5630.8,0
bu2701,0.14,0.14,5458.6,0
bu2702,0.14,0.14,5405.4,0
bu2703,0.14,0.14,5373.2,0
bu2706,0.14,0.14,5227.6,0
bu2709,0.14,0.14,5149.2,0
bu2712,0.14,0.14,5100.2,0
bu2803,0.14,0.14,5063.8,0
cu2606,0.12,0.12,62364.0,0
cu2607,0.12,0.12,62424.0,1
cu2608,0.12,0.12,62436.0,0
cu2609,0.12,0.12,62442.0,0
cu2610,0.12,0.12,62376.0,0
cu2611,0.12,0.12,62418.0,0
cu2612,0.12,0.12,62352.0,0
cu2701,0.12,0.12,62250.0,0
cu2702,0.12,0.12,62220.0,0
cu2703,0.09,0.09,46620.0,0
fu2606,0.22,0.22,10051.8,0
fu2607,0.22,0.22,9636.0,0
fu2608,0.22,0.22,9310.4,0
fu2609,0.22,0.22,9068.4,1
fu2610,0.22,0.22,8767.0,0
fu2611,0.22,0.22,8481.0,0
fu2612,0.22,0.22,8214.8,0
fu2701,0.22,0.22,8104.8,0
fu2702,0.22,0.22,7953.0,0
fu2703,0.22,0.22,7825.4,0
hc2606,0.1,0.1,3390.0,0
hc2607,0.07,0.07,2366.7,0
hc2608,0.07,0.07,2370.2,0
hc2609,0.07,0.07,2372.3,0
hc2610,0.07,0.07,2375.8,1
hc2611,0.07,0.07,2380.0,0
hc2612,0.07,0.07,2379.3,0
hc2701,0.07,0.07,2384.2,0
hc2702,0.07,0.07,2391.2,0
hc2703,0.07,0.07,2401.7,0
ni2606,0.14,0.14,19987.8,1
ni2607,0.14,0.14,20062.0,0
ni2608,0.14,0.14,20139.0,0
ni2609,0.14,0.14,20204.8,0
ni2610,0.14,0.14,20259.4,0
ni2611,0.14,0.14,20309.8,0
ni2612,0.14,0.14,20354.6,0
ni2701,0.14,0.14,20407.8,0
ni2702,0.14,0.14,20456.8,0
ni2703,0.14,0.14,20517.0,0
op2606,0.1,0.1,15904.0,0
op2607,0.09,0.09,14421.6,1
op2608,0.09,0.09,14544.0,0
op2609,0.09,0.09,14637.6,0
op2610,0.09,0.09,14832.0,0
op2611,0.09,0.09,14745.6,0
op2612,0.09,0.09,14868.0,0
op2701,0.09,0.09,14911.2,0
pb2606,0.12,0.12,9963.0,0
pb2607,0.12,0.12,9987.0,1
pb2608,0.12,0.12,10017.0,0
pb2609,0.12,0.12,10050.0,0
pb2610,0.12,0.12,10080.0,0
pb2611,0.12,0.12,10104.0,0
pb2612,0.12,0.12,10119.0,0
pb2701,0.12,0.12,10089.0,0
pb2702,0.12,0.12,10140.0,0
pb2703,0.09,0.09,7533.0,0
rb2606,0.1,0.1,3149.0,0
rb2607,0.07,0.07,2218.3,0
rb2608,0.07,0.07,2207.8,0
rb2609,0.07,0.07,2214.8,0
rb2610,0.07,0.07,2222.5,1
rb2611,0.07,0.07,2229.5,0
rb2612,0.07,0.07,2240.0,0
rb2701,0.07,0.07,2244.2,0
rb2702,0.07,0.07,2254.0,0
rb2703,0.07,0.07,2259.6,0
ru2606,0.11,0.11,19107.0,0
ru2607,0.11,0.11,19090.5,0
ru2608,0.11,0.11,19035.5,0
ru2609,0.11,0.11,19079.5,1
ru2610,0.11,0.11,19079.5,0
ru2611,0.11,0.11,19090.5,0
ru2701,0.11,0.11,19932.0,0
ru2703,0.11,0.11,19954.0,0
sn2606,0.14,0.14,57835.4,1
sn2607,0.14,0.14,57975.4,0
sn2608,0.14,0.14,58042.6,0
sn2609,0.14,0.14,58065.0,0
sn2610,0.14,0.14,58147.6,0
sn2611,0.14,0.14,58045.4,0
sn2612,0.14,0.14,58104.2,0
sn2701,0.14,0.14,58115.4,0
sn2702,0.14,0.14,58135.0,0
sn2703,0.14,0.14,58065.0,0
sp2606,0.1,0.1,4890.0,0
sp2607,0.09,0.09,4402.8,0
sp2608,0.09,0.09,4440.6,0
sp2609,0.09,0.09,4438.8,1
sp2610,0.09,0.09,4469.4,0
sp2611,0.09,0.09,4465.8,0
sp2612,0.09,0.09,4487.4,0
sp2701,0.09,0.09,4678.2,0
sp2702,0.09,0.09,4764.6,0
sp2703,0.09,0.09,4703.4,0
ss2606,0.1,0.1,7362.5,0
ss2607,0.08,0.08,5916.0,1
ss2608,0.08,0.08,5958.0,0
ss2609,0.08,0.08,5954.0,0
ss2610,0.08,0.08,5944.0,0
ss2611,0.08,0.08,5948.0,0
ss2612,0.08,0.08,5994.0,0
ss2701,0.08,0.08,5980.0,0
ss2702,0.08,0.08,5988.0,0
ss2703,0.07,0.07,5250.0,0
wr2606,0.1,0.1,3560.0,0
wr2607,0.1,0.1,3360.0,1
wr2608,0.1,0.1,3363.0,0
wr2609,0.1,0.1,3465.0,0
wr2610,0.1,0.1,3408.0,0
wr2611,0.1,0.1,3387.0,0
wr2612,0.1,0.1,3405.0,0
wr2701,0.1,0.1,3411.0,0
wr2702,0.1,0.1,3403.0,0
wr2703,0.09,0.09,3077.1,0
zn2606,0.12,0.12,14844.0,1
zn2607,0.12,0.12,14883.0,0
zn2608,0.12,0.12,14919.0,0
zn2609,0.12,0.12,14937.0,0
zn2610,0.12,0.12,14955.0,0
zn2611,0.12,0.12,14949.0,0
zn2612,0.12,0.12,14925.0,0
zn2701,0.12,0.12,14940.0,0
zn2702,0.12,0.12,14931.0,0
zn2703,0.09,0.09,11209.5,0
AP10,0.09,0.09,6741.0,1
AP11,0.09,0.09,6671.7,0
AP12,0.09,0.09,6714.9,0
AP01,0.09,0.09,6739.2,0
AP03,0.09,0.09,6795.0,0
CF07,0.07,0.07,5531.8,0
CF09,0.07,0.07,5594.8,1
CF11,0.07,0.07,5677.0,0
CF01,0.07,0.07,5748.8,0
CF03,0.07,0.07,5691.0,0
CJ07,0.08,0.08,3490.0,0
CJ09,0.08,0.08,3564.0,1
CJ12,0.08,0.08,3822.0,0
CJ01,0.08,0.08,3840.0,0
CJ03,0.08,0.08,3870.0,0
CY06,0.1,0.1,11082.5,0
CY07,0.05,0.05,5506.2,1
CY08,0.05,0.05,5542.5,0
CY09,0.05,0.05,5516.2,0
CY10,0.05,0.05,5748.8,0
CY11,0.05,0.05,5665.0,0
CY12,0.05,0.05,5717.5,0
FG06,0.1,0.1,1908.0,0
FG07,0.1,0.1,1900.0,0
FG08,0.1,0.1,2066.0,0
FG09,0.1,0.1,2056.0,1
FG10,0.1,0.1,2156.0,0
FG11,0.1,0.1,2140.0,0
FG12,0.1,0.1,2256.0,0
FG01,0.1,0.1,2242.0,0
FG02,0.1,0.1,2314.0,0
FG03,0.1,0.1,2302.0,0
MA06,0.13,0.13,3989.7,0
MA07,0.13,0.13,3948.1,0
MA08,0.13,0.13,3901.3,0
MA09,0.13,0.13,3851.9,1
MA10,0.07,0.07,2029.3,0
MA11,0.07,0.07,2004.1,0
MA12,0.07,0.07,2002.0,0
MA01,0.07,0.07,1994.3,0
MA02,0.07,0.07,1966.3,0
MA03,0.07,0.07,1936.9,0
OI07,0.07,0.07,6836.9,0
OI09,0.07,0.07,6808.2,1
OI11,0.07,0.07,6801.2,0
OI01,0.07,0.07,6808.2,0
OI03,0.07,0.07,6810.3,0
PF06,0.13,0.13,5187.0,0
PF07,0.13,0.13,5196.1,1
PF08,0.13,0.13,5170.1,0
PF09,0.13,0.13,5144.1,0
PF10,0.07,0.07,2779.0,0
PF11,0.07,0.07,2758.7,0
PF12,0.07,0.07,2751.0,0
PF01,0.07,0.07,2718.1,0
PF02,0.07,0.07,2701.3,0
PF03,0.07,0.07,2694.3,0
PK10,0.07,0.07,2851.1,1
PK11,0.07,0.07,2833.6,0
PK12,0.07,0.07,2843.4,0
PK01,0.07,0.07,2866.5,0
PK03,0.07,0.07,2868.6,0
PL06,0.13,0.13,22939.8,0
PL07,0.11,0.11,19100.4,1
PL08,0.11,0.11,18909.0,0
PL09,0.11,0.11,18585.6,0
PL10,0.07,0.07,11565.4,0
PL11,0.07,0.07,11345.6,0
PL12,0.07,0.07,11218.2,0
PL01,0.07,0.07,10840.2,0
PL02,0.07,0.07,10899.0,0
PR06,0.13,0.13,16797.3,0
PR07,0.13,0.13,16208.4,1
PR08,0.13,0.13,15787.2,0
PR09,0.13,0.13,15447.9,0
PR10,0.07,0.07,8232.0,0
PR11,0.07,0.07,8101.8,0
PR12,0.07,0.07,7862.4,0
PR01,0.07,0.07,7757.4,0
PR02,0.07,0.07,7797.3,0
PX06,0.15,0.15,6889.5,0
PX07,0.13,0.13,5974.8,1
PX08,0.13,0.13,5941.0,0
PX09,0.13,0.13,5895.5,0
PX10,0.07,0.07,3138.8,0
PX11,0.07,0.07,3098.2,0
PX12,0.07,0.07,3108.0,0
PX01,0.07,0.07,3039.4,0
PX02,0.07,0.07,3055.5,0
PX03,0.07,0.07,2982.0,0
RM07,0.07,0.07,1542.8,0
RM08,0.07,0.07,1631.0,0
RM09,0.07,0.07,1633.1,1
RM11,0.07,0.07,1577.8,0
RM01,0.07,0.07,1593.9,0
RM03,0.07,0.07,1592.5,0
RS07,0.2,0.2,11566.0,0
RS08,0.2,0.2,11330.0,0
RS09,0.2,0.2,11490.0,1
RS11,0.2,0.2,11178.0,0
SA06,0.1,0.1,2268.0,0
SA07,0.09,0.09,2064.6,0
SA08,0.09,0.09,2116.8,0
SA09,0.09,0.09,2127.6,1
SA10,0.09,0.09,2163.6,0
SA11,0.09,0.09,2170.8,0
SA12,0.09,0.09,2223.0,0
SA01,0.09,0.09,2228.4,0
SA02,0.09,0.09,2273.4,0
SA03,0.09,0.09,2277.0,0
SF06,0.1,0.1,2915.0,0
SF07,0.08,0.08,2353.6,1
SF08,0.08,0.08,2335.2,0
SF09,0.08,0.08,2333.6,0
SF10,0.08,0.08,2322.4,0
SF11,0.08,0.08,2374.4,0
SF12,0.08,0.08,2352.0,0
SF01,0.08,0.08,2352.0,0
SF02,0.08,0.08,2331.2,0
SF03,0.08,0.08,2381.6,0
SH06,0.12,0.12,7063.2,0
SH07,0.12,0.12,7272.0,1
SH08,0.08,0.08,5188.8,0
SH09,0.08,0.08,5349.6,0
SH10,0.08,0.08,5544.0,0
SH11,0.08,0.08,5582.4,0
SH12,0.08,0.08,5678.4,0
SH01,0.08,0.08,5673.6,0
SH02,0.08,0.08,5757.6,0
SH03,0.08,0.08,5779.2,0
SM06,0.1,0.1,2939.0,0
SM07,0.08,0.08,2363.2,1
SM08,0.08,0.08,2372.8,0
SM09,0.08,0.08,2381.6,0
SM10,0.08,0.08,2384.0,0
SM11,0.08,0.08,2404.0,0
SM12,0.08,0.08,2409.6,0
SM01,0.08,0.08,2416.8,0
SM02,0.08,0.08,2422.4,0
SM03,0.08,0.08,2432.8,0
SR07,0.06,0.06,3198.0,0
SR09,0.06,0.06,3217.8,1
SR11,0.06,0.06,3239.4,0
SR01,0.06,0.06,3322.8,0
SR03,0.06,0.06,3326.4,0
TA06,0.13,0.13,4222.4,0
TA07,0.13,0.13,4232.8,0
TA08,0.13,0.13,4199.0,0
TA09,0.13,0.13,4147.0,1
TA10,0.07,0.07,2207.1,0
TA11,0.07,0.07,2181.2,0
TA12,0.07,0.07,2157.4,0
TA01,0.07,0.07,2139.9,0
TA02,0.07,0.07,2118.2,0
TA03,0.07,0.07,2105.6,0
UR06,0.1,0.1,3484.0,0
UR07,0.08,0.08,2918.4,0
UR08,0.08,0.08,2924.8,0
UR09,0.08,0.08,2928.0,1
UR10,0.08,0.08,2918.4,0
UR11,0.08,0.08,2948.8,0
UR12,0.08,0.08,2945.6,0
UR01,0.08,0.08,2936.0,0
UR02,0.08,0.08,2932.8,0
UR03,0.08,0.08,3017.6,0
a2607,0.07,0.07,3325.7,1
a2609,0.07,0.07,3346.0,0
a2611,0.07,0.07,3362.1,0
a2701,0.07,0.07,3373.3,0
a2703,0.07,0.07,3381.0,0
b2606,0.07,0.07,2516.5,0
b2607,0.07,0.07,2522.1,1
b2608,0.07,0.07,2569.0,0
b2609,0.07,0.07,2615.2,0
b2610,0.07,0.07,2641.8,0
b2611,0.07,0.07,2643.9,0
b2612,0.07,0.07,2660.0,0
b2701,0.07,0.07,2659.3,0
b2702,0.07,0.07,2651.6,0
b2703,0.07,0.07,2623.6,0
bb2607,0.15,0.15,11025.0,0
bb2609,0.15,0.15,11095.5,0
bb2611,0.15,0.15,11103.8,1
bb2701,0.15,0.15,11062.5,0
bb2703,0.15,0.15,11553.8,0
bz2605,0.2,0.2,49440.0,0
bz2606,0.14,0.14,34834.8,1
bz2607,0.14,0.14,34234.2,0
bz2608,0.14,0.14,33516.0,0
bz2609,0.14,0.14,32802.0,0
bz2610,0.08,0.08,18422.4,0
bz2611,0.08,0.08,18134.4,0
bz2612,0.08,0.08,17608.8,0
bz2701,0.08,0.08,17522.4,0
bz2702,0.08,0.08,17412.0,0
c2607,0.07,0.07,1626.8,1
c2609,0.07,0.07,1638.0,0
c2611,0.07,0.07,1612.8,0
c2701,0.07,0.07,1619.8,0
c2703,0.07,0.07,1625.4,0
cs2607,0.06,0.06,1588.8,1
cs2609,0.06,0.06,1600.2,0
cs2611,0.06,0.06,1575.6,0
cs2701,0.06,0.06,1588.8,0
cs2703,0.06,0.06,1587.6,0
eb2605,0.2,0.2,9421.0,0
eb2606,0.13,0.13,6175.0,0
eb2607,0.13,0.13,6102.2,1
eb2608,0.13,0.13,5996.2,0
eb2609,0.13,0.13,5895.5,0
eb2610,0.07,0.07,3125.2,0
eb2611,0.07,0.07,3077.2,0
eb2612,0.07,0.07,3051.0,0
eb2701,0.07,0.07,3019.1,0
eb2702,0.07,0.07,3003.7,0
eg2605,0.2,0.2,9816.0,0
eg2606,0.13,0.13,6108.7,0
eg2607,0.13,0.13,6147.7,0
eg2608,0.13,0.13,6134.7,0
eg2609,0.13,0.13,6095.7,1
eg2610,0.07,0.07,3262.0,0
eg2611,0.07,0.07,3248.0,0
eg2612,0.07,0.07,3203.9,0
eg2701,0.07,0.07,3201.1,0
eg2702,0.07,0.07,3157.0,0
fb2606,0.1,0.1,1284.5,1
fb2607,0.1,0.1,1294.5,0
fb2608,0.1,0.1,1294.0,0
fb2609,0.1,0.1,1295.0,0
fb2610,0.1,0.1,1291.5,0
fb2611,0.1,0.1,1293.5,0
fb2612,0.1,0.1,1278.0,0
fb2701,0.1,0.1,1283.5,0
fb2702,0.1,0.1,1288.0,0
i2606,0.11,0.11,8910.0,0
i2607,0.11,0.11,8827.5,0
i2608,0.11,0.11,8745.0,0
i2609,0.11,0.11,8684.5,1
i2610,0.11,0.11,8624.0,0
i2611,0.11,0.11,8569.0,0
i2612,0.11,0.11,8525.0,0
i2701,0.11,0.11,8475.5,0
i2702,0.11,0.11,8442.5,0
i2703,0.11,0.11,8404.0,0
j2606,0.2,0.2,32940.0,0
j2607,0.2,0.2,33590.0,0
j2608,0.2,0.2,34810.0,0
j2609,0.2,0.2,35100.0,1
j2610,0.2,0.2,36010.0,0
j2611,0.2,0.2,36990.0,0
j2612,0.2,0.2,37040.0,0
j2701,0.2,0.2,37080.0,0
j2702,0.2,0.2,38180.0,0
j2703,0.2,0.2,38320.0,0
jd2605,0.2,0.2,7736.0,0
jd2606,0.07,0.07,2643.2,0
jd2607,0.07,0.07,2768.5,1
jd2608,0.07,0.07,3138.8,0
jd2609,0.07,0.07,2888.2,0
jd2610,0.07,0.07,2721.6,0
jd2611,0.07,0.07,2704.8,0
jd2612,0.07,0.07,2688.7,0
jd2701,0.07,0.07,2512.3,0
jd2702,0.07,0.07,2247.0,0
jm2606,0.13,0.13,8427.9,0
jm2607,0.12,0.12,7862.4,0
jm2608,0.12,0.12,8161.2,0
jm2609,0.12,0.12,8571.6,1
jm2610,0.12,0.12,8794.8,0
jm2611,0.12,0.12,9000.0,0
jm2612,0.12,0.12,9151.2,0
jm2701,0.12,0.12,10429.2,0
jm2702,0.12,0.12,10530.0,0
jm2703,0.12,0.12,10645.2,0
l2606,0.11,0.11,4452.8,0
l2607,0.11,0.11,4471.0,0
l2608,0.11,0.11,4447.9,0
l2609,0.11,0.11,4406.6,1
l2610,0.07,0.07,2775.9,0
l2611,0.07,0.07,2761.5,0
l2612,0.07,0.07,2754.9,0
l2701,0.07,0.07,2744.7,0
l2702,0.07,0.07,2731.4,0
l2703,0.07,0.07,2718.8,0
lg2605,0.2,0.2,15102.0,0
lg2607,0.08,0.08,5821.2,1
lg2609,0.08,0.08,5886.0,0
lg2611,0.08,0.08,5911.2,0
lg2701,0.08,0.08,5947.2,0
lh2605,0.2,0.2,30464.0,0
lh2607,0.08,0.08,14105.6,1
lh2609,0.08,0.08,16032.0,0
lh2611,0.08,0.08,16524.8,0
lh2701,0.08,0.08,17280.0,0
m2607,0.07,0.07,1978.2,0
m2608,0.07,0.07,2085.3,0
m2609,0.07,0.07,2095.1,1
m2611,0.07,0.07,2114.0,0
m2612,0.07,0.07,2145.5,0
m2701,0.07,0.07,2135.0,0
m2703,0.07,0.07,2093.0,0
p2606,0.12,0.12,11158.8,0
p2607,0.08,0.08,7463.2,0
p2608,0.08,0.08,7543.2,0
p2609,0.08,0.08,7614.4,1
p2610,0.08,0.08,7669.6,0
p2611,0.08,0.08,7708.0,0
p2612,0.08,0.08,7746.4,0
p2701,0.08,0.08,7748.8,0
p2702,0.08,0.08,7751.2,0
p2703,0.08,0.08,7753.6,0
pg2605,0.2,0.2,25036.0,0
pg2606,0.16,0.16,19395.2,0
pg2607,0.16,0.16,19139.2,1
pg2608,0.16,0.16,18739.2,0
pg2609,0.16,0.16,18217.6,0
pg2610,0.11,0.11,13140.6,0
pg2611,0.11,0.11,12867.8,0
pg2612,0.11,0.11,12478.4,0
pg2701,0.11,0.11,12320.0,0
pg2702,0.11,0.11,11866.8,0
pp2606,0.11,0.11,5217.3,0
pp2607,0.11,0.11,5107.9,0
pp2608,0.11,0.11,4988.5,0
pp2609,0.11,0.11,4889.5,1
pp2610,0.07,0.07,3019.1,0
pp2611,0.07,0.07,2957.9,0
pp2612,0.07,0.07,2907.1,0
pp2701,0.07,0.07,2879.5,0
pp2702,0.07,0.07,2858.8,0
pp2703,0.07,0.07,2819.6,0
rr2606,0.06,0.06,2176.2,0
rr2607,0.06,0.06,2125.2,0
rr2608,0.06,0.06,2169.0,1
rr2609,0.06,0.06,2158.8,0
rr2610,0.06,0.06,2165.4,0
rr2611,0.06,0.06,2167.8,0
rr2612,0.06,0.06,2161.8,0
rr2701,0.06,0.06,2159.4,0
rr2702,0.06,0.06,2170.2,0
rr2703,0.06,0.06,2167.8,0
v2606,0.11,0.11,2605.9,0
v2607,0.11,0.11,2629.5,0
v2608,0.11,0.11,2653.2,0
v2609,0.11,0.11,2675.8,1
v2610,0.07,0.07,1716.8,0
v2611,0.07,0.07,1726.6,0
v2612,0.07,0.07,1739.5,0
v2701,0.07,0.07,1747.9,0
v2702,0.07,0.07,1759.1,0
v2703,0.07,0.07,1766.8,0
y2607,0.07,0.07,5945.8,0
y2608,0.07,0.07,5964.0,0
y2609,0.07,0.07,5975.9,1
y2611,0.07,0.07,5968.9,0
y2612,0.07,0.07,5967.5,0
y2701,0.07,0.07,5947.2,0
y2703,0.07,0.07,5881.4,0
lc2606,0.15,0.15,26010.0,0
lc2607,0.15,0.15,26151.0,0
lc2608,0.15,0.15,26580.0,0
lc2609,0.15,0.15,26640.0,1
lc2610,0.15,0.15,26613.0,0
lc2611,0.15,0.15,26832.0,0
lc2612,0.15,0.15,26928.0,0
lc2701,0.15,0.15,26991.0,0
lc2702,0.15,0.15,27090.0,0
lc2703,0.15,0.15,27150.0,0
pd2606,0.19,0.19,62462.5,1
pd2608,0.19,0.19,63184.5,0
pd2610,0.19,0.19,64049.0,0
pd2612,0.19,0.19,64381.5,0
pd2702,0.19,0.19,66034.5,0
ps2606,0.13,0.13,14114.1,1
ps2607,0.13,0.13,14235.0,0
ps2608,0.13,0.13,14355.9,0
ps2609,0.13,0.13,14461.2,0
ps2610,0.13,0.13,14625.0,0
ps2611,0.13,0.13,14595.8,0
ps2612,0.13,0.13,15832.1,0
ps2701,0.13,0.13,15927.6,0
ps2702,0.13,0.13,15972.5,0
ps2703,0.13,0.13,16079.7,0
pt2606,0.19,0.19,91361.5,1
pt2608,0.19,0.19,92093.0,0
pt2610,0.19,0.19,92834.0,0
pt2612,0.19,0.19,93385.0,0
pt2702,0.19,0.19,94544.0,0
si2606,0.1,0.1,4155.0,0
si2607,0.1,0.1,4180.0,0
si2608,0.1,0.1,4202.5,0
si2609,0.1,0.1,4220.0,1
si2610,0.1,0.1,4242.5,0
si2611,0.1,0.1,4250.0,0
si2612,0.1,0.1,4405.0,0
si2701,0.1,0.1,4395.0,0
si2702,0.1,0.1,4397.5,0
si2703,0.1,0.1,4435.0,0
bc2606,0.12,0.12,55260.0,1
bc2607,0.12,0.12,55368.0,0
bc2608,0.12,0.12,55326.0,0
bc2609,0.12,0.12,55374.0,0
bc2610,0.12,0.12,56136.0,0
bc2611,0.12,0.12,56040.0,0
bc2612,0.12,0.12,55842.0,0
bc2701,0.12,0.12,55860.0,0
ec2605,0.3,0.3,27052.5,0
ec2606,0.22,0.22,33363.0,1
ec2607,0.22,0.22,37152.5,0
ec2608,0.22,0.22,33643.5,0
ec2609,0.22,0.22,24046.0,0
ec2610,0.22,0.22,22330.0,0
ec2612,0.22,0.22,26031.5,0
lu2606,0.22,0.22,12196.8,0
lu2607,0.22,0.22,11105.6,1
lu2608,0.22,0.22,10687.6,0
lu2609,0.22,0.22,10307.0,0
lu2610,0.22,0.22,9955.0,0
lu2611,0.22,0.22,9752.6,0
lu2612,0.22,0.22,9721.8,0
lu2701,0.22,0.22,9312.6,0
lu2702,0.22,0.22,9185.0,0
lu2703,0.22,0.22,9156.4,0
nr2606,0.11,0.11,15928.0,0
nr2607,0.11,0.11,16093.0,1
nr2608,0.11,0.11,16247.0,0
nr2609,0.11,0.11,16357.0,0
nr2610,0.11,0.11,16511.0,0
nr2611,0.11,0.11,16643.0,0
nr2612,0.11,0.11,16791.5,0
nr2701,0.11,0.11,16852.0,0
nr2702,0.11,0.11,16901.5,0
sc2606,0.22,0.22,143833.8,0
sc2607,0.22,0.22,144320.0,1
sc2608,0.22,0.22,143723.8,0
sc2609,0.22,0.22,143242.0,0
sc2610,0.22,0.22,142183.8,0
sc2611,0.22,0.22,140448.0,0
sc2612,0.22,0.22,138553.8,0
sc2701,0.22,0.22,136004.0,0
sc2702,0.22,0.22,134640.0,0
sc2703,0.22,0.22,132990.0,0
sc2706,0.22,0.22,132220.0,0
sc2709,0.22,0.22,130130.0,0
sc2712,0.22,0.22,126500.0,0
sc2803,0.22,0.22,123750.0,0
sc2806,0.22,0.22,123200.0,0
sc2809,0.22,0.22,122100.0,0
sc2812,0.22,0.22,120582.0,0
sc2903,0.22,0.22,121110.0,0
IC2606,0.12,0.12,199843.0,1
IC2609,0.12,0.12,196003.2,0
IF2606,0.12,0.12,170748.0,1
IF2609,0.12,0.12,168033.6,0
IH2606,0.12,0.12,104536.8,1
IH2609,0.12,0.12,103248.0,0
IM2606,0.12,0.12,202516.8,1
IM2609,0.12,0.12,197592.0,0
T2606,0.02,0.02,21796.0,1
T2609,0.02,0.02,21748.0,0
T2612,0.02,0.02,21724.0,0
TF2606,0.012,0.012,12778.8,1
TF2609,0.012,0.012,12738.0,0
TF2612,0.012,0.012,12727.2,0
TL2606,0.035,0.035,39592.0,1
TL2609,0.035,0.035,39476.5,0
TL2612,0.035,0.035,39459.0,0
TS2606,0.005,0.005,10266.0,1
TS2609,0.005,0.005,10257.0,0
TS2612,0.005,0.005,10253.0,0
